{"cameraMode":{"drawMode":0,"name":"Shaded","section":"Shading Mode"},"sceneLighting":false,"audioPlay":false,"sceneViewState":{"m_AlwaysRefresh":false,"showFog":true,"showSkybox":true,"showFlares":true,"showImageEffects":true,"showParticleSystems":true,"showVisualEffectGraphs":true,"m_FxEnabled":true},"in2DMode":false,"pivot":{"x":9.568081855773926,"y":-3.3344321250915529,"z":15.22684097290039},"rotation":{"x":-0.5499834418296814,"y":0.013166124001145363,"z":-0.008401918224990368,"w":-0.8352343440055847},"size":4.698354721069336,"orthographic":false}