{"cameraMode":{"drawMode":0,"name":"Shaded","section":"Shading Mode"},"sceneLighting":false,"audioPlay":false,"sceneViewState":{"m_AlwaysRefresh":false,"showFog":true,"showSkybox":true,"showFlares":true,"showImageEffects":true,"showParticleSystems":true,"showVisualEffectGraphs":true,"m_FxEnabled":true},"in2DMode":false,"pivot":{"x":-2.3141167163848879,"y":0.8617362976074219,"z":-8.072263717651368},"rotation":{"x":-0.0074140108190476898,"y":0.9901646375656128,"z":-0.12724599242210389,"w":-0.05769144371151924},"size":2.394045114517212,"orthographic":false}