{"cameraMode":{"drawMode":0,"name":"Shaded","section":"Shading Mode"},"sceneLighting":false,"audioPlay":false,"sceneViewState":{"m_AlwaysRefresh":false,"showFog":true,"showSkybox":true,"showFlares":true,"showImageEffects":true,"showParticleSystems":true,"showVisualEffectGraphs":true,"m_FxEnabled":false},"in2DMode":false,"pivot":{"x":4.909000396728516,"y":1.1483471393585206,"z":2.9875898361206056},"rotation":{"x":-0.11084943264722824,"y":-0.35756853222846987,"z":0.04278513789176941,"w":-0.9263101816177368},"size":1.5287768840789796,"orthographic":true}