{"cameraMode":{"drawMode":0,"name":"Shaded","section":"Shading Mode"},"sceneLighting":false,"audioPlay":false,"sceneViewState":{"m_AlwaysRefresh":false,"showFog":true,"showSkybox":true,"showFlares":true,"showImageEffects":true,"showParticleSystems":true,"showVisualEffectGraphs":true,"m_FxEnabled":true},"in2DMode":false,"pivot":{"x":7.844461441040039,"y":2.9567067623138429,"z":6.123485565185547},"rotation":{"x":0.18963927030563355,"y":0.02087354101240635,"z":-0.004210317973047495,"w":0.981801450252533},"size":0.5688987374305725,"orthographic":false}