{"cameraMode":{"drawMode":0,"name":"Shaded","section":"Shading Mode"},"sceneLighting":false,"audioPlay":false,"sceneViewState":{"m_AlwaysRefresh":false,"showFog":true,"showSkybox":true,"showFlares":true,"showImageEffects":true,"showParticleSystems":true,"showVisualEffectGraphs":true,"m_FxEnabled":false},"in2DMode":false,"pivot":{"x":4.909000396728516,"y":0.029999999329447748,"z":3.4890003204345705},"rotation":{"x":-0.06383135169744492,"y":-0.6676607131958008,"z":0.057624731212854388,"w":-0.7394974827766419},"size":1.8829524517059327,"orthographic":true}