{"cameraMode":{"drawMode":0,"name":"Shaded","section":"Shading Mode"},"sceneLighting":false,"audioPlay":false,"sceneViewState":{"m_AlwaysRefresh":false,"showFog":true,"showSkybox":true,"showFlares":true,"showImageEffects":true,"showParticleSystems":true,"showVisualEffectGraphs":true,"m_FxEnabled":true},"in2DMode":false,"pivot":{"x":-2.630338430404663,"y":2.1661689281463625,"z":10.210838317871094},"rotation":{"x":0.001115851104259491,"y":-0.9983245730400086,"z":0.053961873054504397,"w":0.020678943023085595},"size":1.693676471710205,"orthographic":true}