{"cameraMode":{"drawMode":0,"name":"Shaded","section":"Shading Mode"},"sceneLighting":false,"audioPlay":false,"sceneViewState":{"m_AlwaysRefresh":false,"showFog":true,"showSkybox":true,"showFlares":true,"showImageEffects":true,"showParticleSystems":true,"showVisualEffectGraphs":true,"m_FxEnabled":false},"in2DMode":false,"pivot":{"x":-1.9892098903656006,"y":2.2609755992889406,"z":9.432439804077149},"rotation":{"x":-0.007213710341602564,"y":-0.9713914394378662,"z":0.029732903465628625,"w":-0.23556023836135865},"size":1.7445883750915528,"orthographic":false}