{"cameraMode":{"drawMode":0,"name":"Shaded","section":"Shading Mode"},"sceneLighting":false,"audioPlay":false,"sceneViewState":{"m_AlwaysRefresh":false,"showFog":true,"showSkybox":true,"showFlares":true,"showImageEffects":true,"showParticleSystems":true,"showVisualEffectGraphs":true,"m_FxEnabled":true},"in2DMode":false,"pivot":{"x":-10.111557006835938,"y":1.310485601425171,"z":-6.7205729484558109},"rotation":{"x":0.000025142469894490205,"y":0.9998986721038818,"z":-0.0018094094702973962,"w":0.013800782151520253},"size":0.9433163404464722,"orthographic":false}