{"cameraMode":{"drawMode":0,"name":"Shaded","section":"Shading Mode"},"sceneLighting":false,"audioPlay":false,"sceneViewState":{"m_AlwaysRefresh":false,"showFog":true,"showSkybox":true,"showFlares":true,"showImageEffects":true,"showParticleSystems":true,"showVisualEffectGraphs":true,"m_FxEnabled":true},"in2DMode":false,"pivot":{"x":-7.0856523513793949,"y":2.7206225395202638,"z":-0.4840471148490906},"rotation":{"x":-0.24561139941215516,"y":0.6045986413955689,"z":-0.2034500241279602,"w":-0.7299007773399353},"size":0.07407772541046143,"orthographic":false}