{"cameraMode":{"drawMode":0,"name":"Shaded","section":"Shading Mode"},"sceneLighting":false,"audioPlay":false,"sceneViewState":{"m_AlwaysRefresh":false,"showFog":true,"showSkybox":true,"showFlares":true,"showImageEffects":true,"showParticleSystems":true,"showVisualEffectGraphs":true,"m_FxEnabled":true},"in2DMode":false,"pivot":{"x":-6.885607719421387,"y":-3.4987125396728517,"z":-6.390578746795654},"rotation":{"x":-0.0074140108190476898,"y":0.9901646375656128,"z":-0.12724599242210389,"w":-0.05769144371151924},"size":10.991963386535645,"orthographic":false}